{
    "contents": [
      {
        "name": "国槐",
        "lading": "Sophora japonica",
        "ke": "豆科",
        "shu": "槐属"
      },
      {
        "name": "刺槐",
        "lading": "Robinia pseudoacacia",
        "ke": "豆科",
        "shu": "刺槐属"
      },
      {
        "name": "榆树",
        "lading": "Ulmus pumila",
        "ke": "榆科",
        "shu": "榆属"

      },
      {
        "name": "黄金树",
        "lading": "Catalpa speciosa Ward",
        "ke": "紫葳科",
        "shu": "梓属"

      },
      {
        "name": "侧柏",
        "lading": "Platycladus orientalis",
        "ke": "柏科",
        "shu": "侧柏属"

      },
      {
        "name": "桧柏",
        "lading": "Sabina chinensis",
        "ke": "柏科",
        "shu": "圆柏属"

      },
      {
        "name": "龙柏",
        "lading": "Sabina chinensis",
        "ke": "柏科",
        "shu": "圆柏属"

      },
      {
        "name": "银杏",
        "lading": "Ginkgo biloba",
        "ke": "银杏科",
        "shu": "银杏属"

      },
      {
        "name": "圆柏",
        "lading": "Sabina chinensis (L.) Ant.",
        "ke": "柏科",
        "shu": "圆柏属"

      },
      {
        "name": "白皮松",
        "lading": "Pinus bungeana",
        "ke": "松科",
        "shu": "松属"

      },
      {
        "name": "落叶松",
        "lading": "Larix gmelinii",
        "ke": "松科",
        "shu": "落叶松属"

      },
      {
        "name": "柘树",
        "lading": "Cudrania tricuspidata",
        "ke": "桑科",
        "shu": "柘属"

      },
      {
        "name": "枣",
        "lading": "Ziziphus jujuba",
        "ke": "鼠李科",
        "shu": "枣属"

      },
      {
        "name": "楸树",
        "lading": "Catalpa bungei",
        "ke": "紫葳科",
        "shu": "梓属"

      },
      {
        "name": "桑树",
        "lading": "Morus alba",
        "ke": "桑科",
        "shu": "桑属"

      },
      {
        "name": "欧洲大叶椴",
        "lading": "Tilia platyphylla",
        "ke": "椴树科",
        "shu": "椴树属"

      },
      {
        "name": "油松",
        "lading": "Pinus tabuliformis",
        "ke": "松科",
        "shu": "松属"

      },
      {
        "name": "龙爪槐",
        "lading": "Sophora japonica",
        "ke": "豆科",
        "shu": "槐属"

      },
      {
        "name": "丝兰",
        "lading": "Yucca smalliana",
        "ke": "龙舌兰科",
        "shu": "丝兰属"

      },
      {
        "name": "水杉",
        "lading": "Metasequoia glyptostroboides",
        "ke": "杉科",
        "shu": "水杉属"

      },
      {
        "name": "卫矛",
        "lading": "Euonymus alatus",
        "ke": "卫矛科",
        "shu": "卫矛属"

      },
      {
        "name": "白杜",
        "lading": "Euonymus maackii",
        "ke": "卫矛科",
        "shu": "卫矛属"

      },
      {
        "name": "黑枣",
        "lading": "Diospyros lotus",
        "ke": "柿树科",
        "shu": "柿属"

      },
      {
        "name": "紫丁香",
        "lading": "Syringa oblata",
        "ke": "木犀科",
        "shu": "丁香属"
      },
      {
        "name": "皂荚",
        "lading": "Gleditsia sinensis",
        "ke": "豆科",
        "shu": "皂荚属"
      },
      {
        "name": "小叶朴",
        "lading": "Celtis bungeana",
        "ke": "榆科",
        "shu": "朴属"
      },
      {
        "name": "酸枣",
        "lading": "Ziziphus jujuba",
        "ke": "鼠李科",
        "shu": "枣属"
      },
      {
        "name": "蝴蝶槐",
        "lading": "Sophora japonica f.oligophylla",
        "ke": "豆科",
        "shu": "槐属"
      },
      {
        "name": "榆绿木",
        "lading": "Anogeissue acuminata",
        "ke": "使君子科",
        "shu": "榆绿木属"
      },
      {
        "name": "元宝槭",
        "lading": "Acer truncatum",
        "ke": "槭树科",
        "shu": "槭树属"
      },
      {
        "name": "色木槭",
        "lading": "Acer mono Maxim",
        "ke": "槭树科",
        "shu": "槭树属"
      },
      {
        "name": "雪松",
        "lading": "Cedrus deodara",
        "ke": "松科",
        "shu": "雪松属"
      },
      {
        "name": "栾树",
        "lading": "Koelreuteria paniculata",
        "ke": "无患子科",
        "shu": "栾树属"
      },
      {
        "name": "梧桐杨",
        "lading": "Populus pseudomaximowiczii",
        "ke": "杨柳科",
        "shu": "杨属"
      },
      {
        "name": "七叶树",
        "lading": "Aesculus chinensis",
        "ke": "七叶树科",
        "shu": "七叶树属"
      },
      {
        "name": "西府海棠",
        "lading": "Malus micromalus",
        "ke": "蔷薇科",
        "shu": "苹果属"
      },
      {
        "name": "海棠",
        "lading": "Chaenomeles sp",
        "ke": "蔷薇科",
        "shu": "木瓜属"
      },
      {
        "name": "文冠果",
        "lading": "Xanthoceras sorbifolium",
        "ke": "无患子科",
        "shu": "文冠果属"
      },
      {
        "name": "垂柳",
        "lading": "Salix babylonica",
        "ke": "杨柳科",
        "shu": "柳属"
      },
      {
        "name": "核桃",
        "lading": "Juglans regia",
        "ke": "胡桃科",
        "shu": "胡桃属"
      },
      {
        "name": "华山松",
        "lading": "Pinus arinandi",
        "ke": "松科",
        "shu": "松属"
      },
      {
        "name": "黄连木",
        "lading": "Pistacia chinensis",
        "ke": "漆树科",
        "shu": "黄连木属"
      },
      {
        "name": "蒙椴",
        "lading": "Tilia mongolica",
        "ke": "椴树科",
        "shu": "椴树属"
      },
      {
        "name": "臭椿",
        "lading": "Ailanthus altissima",
        "ke": "苦木科",
        "shu": "臭椿属"
      },
      {
        "name": "玉兰",
        "lading": "Magnolia denudata",
        "ke": "木兰科",
        "shu": "含笑属"
      },
      {
        "name": "流苏",
        "lading": "Chionanthus retusus",
        "ke": "木犀科",
        "shu": "流苏树属"
      },
      {
        "name": "梓树",
        "lading": "Catalpa ovata",
        "ke": "紫葳科",
        "shu": "梓属"
      },
      {
        "name": "加杨",
        "lading": "Populus X canadensis",
        "ke": "杨柳科",
        "shu": "杨属"
      },
      {
        "name": "栓皮栎",
        "lading": "Quercus variabilis",
        "ke": "壳斗科",
        "shu": "栎属"
      },
      {
        "name": "槲栎",
        "lading": "Quercus aliena",
        "ke": "壳斗科",
        "shu": "栎属"
      },
      {
        "name": "蒙古栎",
        "lading": "Quercus mongolica",
        "ke": "壳斗科",
        "shu": "栎属"
      },
      {
        "name": "杜梨",
        "lading": "Pyrus betulaefolia",
        "ke": "蔷薇科",
        "shu": "梨属"
      },
      {
        "name": "梧桐",
        "lading": "Firmiana simplex",
        "ke": "梧桐科",
        "shu": "梧桐属"
      },
      {
        "name": "麻栎",
        "lading": "Quercus acutissima",
        "ke": "壳斗科",
        "shu": "栎属"
      },
      {
        "name": "漆树",
        "lading": "Toxicodendron verniciflum",
        "ke": "漆树科",
        "shu": "漆树属"
      },
      {
        "name": "青檀",
        "lading": "Pteroceltis tatarinowii",
        "ke": "榆科",
        "shu": "青檀属"
      },
      {
        "name": "柽柳",
        "lading": "Tamarix chinensis",
        "ke": "柽柳科",
        "shu": "柽柳属"
      },
      {
        "name": "云杉",
        "lading": "Picea asperata",
        "ke": "松科",
        "shu": "云杉属"
      },
      {
        "name": "白腊",
        "lading": "Fraxinus chinensis",
        "ke": "木犀科",
        "shu": "白腊树属"
      },
      {
        "name": "毛白杨",
        "lading": "Populus tomentosa",
        "ke": "杨柳科",
        "shu": "杨属"
      },
      {
        "name": "车梁木",
        "lading": "Cornus walteri",
        "ke": "山茱萸科",
        "shu": "山茱萸属"
      }

    ]

}

